Workbook

Sheet Data
A1: Date | B1: Protocol / Pool Name | C1: Category | D1: Chain | E1: APY (%) | F1: TVL ($) | G1: Risk Tier | H1: Action Taken | I1: Deposit Amount ($) | J1: Rewards to Date ($) | K1: Next Review Date | L1: Notes / Link
A2: 2025-10-17 | B2: camelot-v3 | C2: dex | D2: arbitrum | E2: 501.03 | F2: 66216 | H2: watch | K2: 2025-10-24 | L2: https://defillama.com
A3: 2025-10-17 | B3: sushiswap-v3 | C3: dex | D3: base | E3: 506.07 | F3: 24982 | H3: watch | K3: 2025-10-24
G4: =IFS(E{r}>1000,"Red",AND(E{r}>200,E{r}<=1000),"Orange",AND(E{r}>80,E{r}<=200),"Yellow",E{r}>0,"Green","")
G5: =IFS(E{r}>1000,"Red",AND(E{r}>200,E{r}<=1000),"Orange",AND(E{r}>80,E{r}<=200),"Yellow",E{r}>0,"Green","")
G6: =IFS(E{r}>1000,"Red",AND(E{r}>200,E{r}<=1000),"Orange",AND(E{r}>80,E{r}<=200),"Yellow",E{r}>0,"Green","")
G7: =IFS(E{r}>1000,"Red",AND(E{r}>200,E{r}<=1000),"Orange",AND(E{r}>80,E{r}<=200),"Yellow",E{r}>0,"Green","")
G8: =IFS(E{r}>1000,"Red",AND(E{r}>200,E{r}<=1000),"Orange",AND(E{r}>80,E{r}<=200),"Yellow",E{r}>0,"Green","")
G9: =IFS(E{r}>1000,"Red",AND(E{r}>200,E{r}<=1000),"Orange",AND(E{r}>80,E{r}<=200),"Yellow",E{r}>0,"Green","")
G10: =IFS(E{r}>1000,"Red",AND(E{r}>200,E{r}<=1000),"Orange",AND(E{r}>80,E{r}<=200),"Yellow",E{r}>0,"Green","")
G11: =IFS(E{r}>1000,"Red",AND(E{r}>200,E{r}<=1000),"Orange",AND(E{r}>80,E{r}<=200),"Yellow",E{r}>0,"Green","")
G12: =IFS(E{r}>1000,"Red",AND(E{r}>200,E{r}<=1000),"Orange",AND(E{r}>80,E{r}<=200),"Yellow",E{r}>0,"Green","")
G13: =IFS(E{r}>1000,"Red",AND(E{r}>200,E{r}<=1000),"Orange",AND(E{r}>80,E{r}<=200),"Yellow",E{r}>0,"Green","")
G14: =IFS(E{r}>1000,"Red",AND(E{r}>200,E{r}<=1000),"Orange",AND(E{r}>80,E{r}<=200),"Yellow",E{r}>0,"Green","")
G15: =IFS(E{r}>1000,"Red",AND(E{r}>200,E{r}<=1000),"Orange",AND(E{r}>80,E{r}<=200),"Yellow",E{r}>0,"Green","")
... G2000: =IFS(E{r}>1000,"Red",AND(E{r}>200,E{r}<=1000),"Orange",AND(E{r}>80,E{r}<=200),"Yellow",E{r}>0,"Green","")

Sheet Dashboard
A1: APY by Chain (sample)
A3: Chain | B3: Avg APY
A4: ethereum | B4: =IFERROR(AVERAGEIF(Data!D:D,A4,Data!E:E),"")
A5: arbitrum | B5: =IFERROR(AVERAGEIF(Data!D:D,A5,Data!E:E),"")
A6: base | B6: =IFERROR(AVERAGEIF(Data!D:D,A6,Data!E:E),"")
A7: optimism | B7: =IFERROR(AVERAGEIF(Data!D:D,A7,Data!E:E),"")
A8: polygon | B8: =IFERROR(AVERAGEIF(Data!D:D,A8,Data!E:E),"")
A9: avalanche | B9: =IFERROR(AVERAGEIF(Data!D:D,A9,Data!E:E),"")
A10: bsc | B10: =IFERROR(AVERAGEIF(Data!D:D,A10,Data!E:E),"")
